Workbook
Name BuscaUS: #REF!
Name CF: Funções!$G$11:$G$20
Name Data: Contagem!$Y$8
Name Lista_grupo_requisito: [1]!TABELA_EAP[Grupo de Requisito]
Name Projeto: Contagem!$G$7
Name Responsável: Contagem!$G$8
Name Revisão: Contagem!$Y$9
Name Revisor: Contagem!$G$9
Name UFPB: Contagem!$Z$13
Name VAF: "$#REF!.$G$28"
Name VAFA: "$#REF!.$G$28"
Name VAFB: "$#REF!.$T$28"

Sheet Contagem
B2: Identificação da Contagem | AE2: Resumo da Contagem
B5: Empresa | AS5: Tipo de Função | AU5: Complexidade Funcional | AY5: Total por Complexidade | BA5: %
B6: Aplicação | AI6: Total PF
B7: Projeto | AF7: Detalhada | AI7: =SUM(Contagem!AY11+Contagem!AY18+Contagem!AY24+Contagem!AY30+Contagem!AY36) -> 0
B8: Responsável | V8: Criação | AT8: EE | AU8: =COUNTIF(Table3[ctl],"EEL") -> 0 | AW8: Baixa | AX8: x 3 | AY8: =AU8*3 -> 0
B9: Revisor | V9: Revisão | AU9: =COUNTIF(Table3[ctl],"EEA") -> 0 | AW9: Média | AX9: x 4 | AY9: =AU9*4 -> 0
AF10: Estimativa | AI10: =(Contagem!AU8+Contagem!AU9+Contagem!AU10)*4+(Contagem!AU14+Contagem!AU15+Contagem!AU16)*5+(Contagem!AU21+Contagem!AU22+Contagem!AU23)*4+(Contagem!AU27+Contagem!AU28+Contagem!AU29)*7+(Contagem!AU33+Contagem!AU34+Contagem!AU35)*5 -> 0 | AU10: =COUNTIF(Funções!I11:I20,"EEH") -> 0 | AW10: Alta | AX10: x 6 | AY10: =AU10*6 -> 0
B11: Tipo de contagem | D11: Estimativa | P11: Sumário | R11: Tamanho Funcional (PF) | V11: Deflator | Z11: PF Ajustado | AT11: Total | AU11: =SUM(AU8:AU10) -> 0 | AX11: Total | AY11: =SUM(AY8:AY10) -> 0 | BA11: =IF(Contagem!$AI$7<>0,AY11/Contagem!$AI$7,"")
D12: Projeto de Desenvolvimento | R12: Inclusão | T12: =SUMIF(Table3[(I/A/E)],"I",Table3[PF]) -> 0 | V12: 1 | Z12: =T12*V12 -> 0
D13: Projeto de Melhoria | M13: x | R13: Alteração | T13: =SUMIF(Table3[(I/A/E)],"A",Table3[PF]) -> 0 | V13: 0.5 | Z13: =T13*V13 -> 0 | AF13: Indicativa | AI13: =(Contagem!AU27+Contagem!AU28+Contagem!AU29)*35+(Contagem!AU33+Contagem!AU34+Contagem!AU35)*15 -> 0
D14: Aplicação ( Baseline ) | R14: Exclusão | T14: =SUMIF(Table3[(I/A/E)],"E",Table3[PF]) -> 0 | V14: 0.5 | Z14: =T14*V14 -> 0 | AT14: SE | AU14: =COUNTIF(Table3[ctl],"SEL") -> 0 | AW14: Baixa | AX14: x 4 | AY14: =AU14*4 -> 0
AU15: =COUNTIF(Table3[ctl],"SEA") -> 0 | AW15: Média | AX15: x 5 | AY15: =AU15*5 -> 0
B16: Apuração | AU16: =COUNTIF(Table3[ctl],"SEH") -> 0 | AW16: Alta | AX16: x 7 | AY16: =AU16*7 -> 0
B17: Total de Pontos de Função | Y17: PF | Z17: =Funções!F6 -> 0 | AI17: ALI | AJ17: AIE | AK17: EE | AL17: SE | AM17: CE | AN17: TOTAL
B18: Total de Pontos de Função Ajustado | Y18: PF | Z18: =Funções!F7 -> 0 | AF18: Incluída | AI18: =Funções!AG8 -> 0 | AJ18: =Funções!AF8 -> 0 | AK18: =Funções!AE8 -> 0 | AL18: =Funções!AC8 -> 0 | AM18: =Funções!AD8 -> 0 | AN18: =SUM(AI18:AM18) -> 0 | AT18: Total | AU18: =SUM(AU14:AU16) -> 0 | AX18: Total | AY18: =SUM(AY14:AY16) -> 0 | BA18: =IF(Contagem!$AI$7<>0,AY18/Contagem!$AI$7,"")
B19: Produtividade | Y19: H/PF | Z19: 6 | AF19: Alterada | AI19: =Funções!AB8 -> 0 | AJ19: =Funções!AA8 -> 0 | AK19: =Funções!Z8 -> 0 | AL19: =Funções!X8 -> 0 | AM19: =Funções!Y8 -> 0 | AN19: =SUM(AI19:AM19) -> 0
B20: Quantidade de Horas | Y20: H | Z20: =Z18*Z19 -> 0 | AF20: Excluída | AI20: =Funções!W8 -> 0 | AJ20: =Funções!V8 -> 0 | AK20: =Funções!U8 -> 0 | AL20: =Funções!S8 -> 0 | AM20: =Funções!T8 -> 0 | AN20: =SUM(AI20:AM20) -> 0
B21: Unidade de Apuração | I21: Homem/Hora | P21: Custo por Unidade | Y21: R$ | AF21: TOTAL | AI21: =SUM(AI18:AI20) -> 0 | AJ21: =SUM(AJ18:AJ20) -> 0 | AK21: =SUM(AK18:AK20) -> 0 | AL21: =SUM(AL18:AL20) -> 0 | AM21: =SUM(AM18:AM20) -> 0 | AN21: =SUM(AN18:AN20) -> 0 | AT21: CE | AU21: =COUNTIF(Table3[ctl],"CEL") -> 0 | AW21: Baixa | AX21: x 3 | AY21: =AU21*3 -> 0
B22: Custo pelo Total por Unidade de Apuração | Y22: R$ | Z22: =IF(I21="Ponto de Função", Z18*Z21, Z21*Z20) -> 0 | AU22: =COUNTIF(Table3[ctl],"CEA") -> 0 | AW22: Média | AX22: x 4 | AY22: =AU22*4 -> 0
AF23: Veja aqui as orientações para preenchimento da planilha | AU23: =COUNTIF(Table3[ctl],"CEH") -> 0 | AW23: Alta | AX23: x 6 | AY23: =AU23*6 -> 0
B24: Ciclo Produtivo | AT24: Total | AU24: =SUM(AU21:AU23) -> 0 | AX24: Total | AY24: =SUM(AY21:AY23) -> 0 | BA24: =IF(Contagem!$AI$7<>0,AY24/Contagem!$AI$7,"")
B25: Etapa | V25: Participação | Z25: Horas
B26: Gestão do Projeto | V26: 0.07 | Z26: =Z20*V26 -> 0 | AE26: Instruções de Uso
B27: Análise de Negócio/Técnica | V27: 0.17 | Z27: =Z20*V27 -> 0 | AT27: ALI | AU27: =COUNTIF(Table3[ctl],"ALIL") -> 0 | AW27: Baixa | AX27: x 7 | AY27: =AU27*7 -> 0
B28: Análise de Testes | V28: 0.08 | Z28: =Z20*V28 -> 0 | AU28: =COUNTIF(Table3[ctl],"ALIA") -> 0 | AW28: Média | AX28: x 10 | AY28: =AU28*10 -> 0
B29: Codificação | V29: 0.45 | Z29: =Z20*V29 -> 0 | AE29: Para conectar esse arquivo ao TFS, vá para a planilha (tab) TFS. Clique em Configure>Server Connection e conecte-se ao Team Project. Selecione a célula A1 e, na seção Team, clique em New List. Selecione a query Analysis Backlog, na iteração Kanban Analysis. Em todas as células da coluna Story Points, cole a fórmula =SOMASE(Table3[User Story (ID)];[@ID];Table3[EFP]). Pronto! A planilha está conectada ao TFS. Agora será possível consultar todas as User Stories e atribuir pontos para aquelas que estão no escopo da contagem. | AU29: =COUNTIF(Table3[ctl],"ALIH") -> 0 | AW29: Alta | AX29: x 15 | AY29: =AU29*15 -> 0
B30: Execução dos Testes | V30: 0.18 | Z30: =Z20*V30 -> 0 | AT30: Total | AU30: =SUM(AU27:AU29) -> 0 | AX30: Total | AY30: =SUM(AY27:AY29) -> 0 | BA30: =IF(Contagem!$AI$7<>0,AY30/Contagem!$AI$7,"")
B31: Homologação | V31: 0.05 | Z31: =Z20*V31 -> 0
B32: Total de Horas | Z32: =SUM(Z26:AC31) -> 0
AT33: AIE | AU33: =COUNTIF(Table3[ctl],"AIEL") -> 0 | AW33: Baixa | AX33: x 5 | AY33: =AU33*5 -> 0
B34: Propósito da Contagem | AU34: =COUNTIF(Table3[ctl],"AIEA") -> 0 | AW34: Média | AX34: x 7 | AY34: =AU34*7 -> 0
B35: Subsidiar a negociação de horas homens a remunerar o consórcio responsável por tornar o CE disponível na IB a partir da avaliação da aproximação do tamanho e da estimativa de produtividade do ASP.Net. Na aproximação do tamanho, ao invés do padrão da NESMA em que a complexidade média é utilizada, utiliza-se a complexidade alta em função do perfil se aproximar mais ao sistema analisado. Também, utiliza-se o fator de impacto padrão de 0,5 presente na planilha de contagem quando não se informam os dados de TD e AR para a contagem do EFP detalhado. Essas decisões são tomandas considerando o tempo dedicado às atividades de medição e o exigido no caso (não se trata de um contrato remunerado em PF). | AU35: =COUNTIF(Table3[ctl],"AIEH") -> 0 | AW35: Alta | AX35: x 10 | AY35: =AU35*10 -> 0
AT36: Total | AU36: =SUM(AU33:AU35) -> 0 | AX36: Total | AY36: =SUM(AY33:AY35) -> 0 | BA36: =IF(Contagem!$AI$7<>0,AY36/Contagem!$AI$7,"")
AE40: DESCRIÇÃO DA CUSTOMIZAÇÃO

Sheet Funções
D2: Planilha de contagem de pontos de função
B5: Empresa: DOCOL | D5: Total de Pontos de Função | K5: Custos
B6: =Contagem!B6 & ": " & UPPER(Contagem!G6) -> Aplicação: | D6: Total PF | F6: =SUM(Table3[PF]) -> 0 | K6: Custo por unidade | M6: =Contagem!Z21 -> 0
B7: Projeto: HPF Data de Programação | D7: Total PF Ajustado | F7: =SUM(Table3[PFA]) -> 0 | K7: Custo | M7: =Contagem!Z22 -> 0
S8: =SUM(Table3[SE Excluído]) -> 0 | T8: =SUM(Table3[CE Excluído]) -> 0 | U8: =SUM(Table3[EE Excluído]) -> 0 | V8: =SUM(Table3[AIE Excluído]) -> 0 | W8: =SUM(Table3[ALI Excluído]) -> 0 | X8: =SUM(Table3[SE Alterada]) -> 0 | Y8: =SUM(Table3[CE Alterada]) -> 0 | Z8: =SUM(Table3[EE Alterada]) -> 0 | AA8: =SUM(Table3[AIE Alterado]) -> 0 | AB8: =SUM(Table3[ALI Alterado]) -> 0 | AC8: =SUM(Table3[SE Incluída]) -> 0 | AD8: =SUM(Table3[CE Incluída]) -> 0 | AE8: =SUM(Table3[EE Incluída]) -> 0 | AF8: =SUM(Table3[AIE Incluído]) -> 0 | AG8: =SUM(Table3[ALI Incluído]) -> 0
B9: APF | N9: Horas (PF Ajustado) | R9: TFS | AG9: TFS
B10: Processo Elementar ou Grupo de Dados | C10: Column5 | D10: Tipo | E10: (I/A/E) | F10: TD | G10: AR/TR | H10: FI | I10: ctl | J10: c | K10: Complex. | L10: PF | M10: PFA | N10: Total | O10: Desenv. | P10: An. Teste | Q10: Teste | R10: User Story (ID) | S10: SE Excluído | T10: CE Excluído | U10: EE Excluído | V10: AIE Excluído | W10: ALI Excluído | X10: SE Alterada | Y10: CE Alterada | Z10: EE Alterada | AA10: AIE Alterado | AB10: ALI Alterado | AC10: SE Incluída | AD10: CE Incluída | AE10: EE Incluída | AF10: AIE Incluído | AG10: ALI Incluído | AH10: Observações
H11: =IF(E11=0,0,IF(E11="I",Contagem!$V$12,IF(E11="A",Contagem!$V$13,Contagem!$V$14))) -> 0 | I11: =CONCATENATE(D11,J11) | J11: =IF(OR(ISBLANK(F11),ISBLANK(G11)),IF(OR(D11="ALI",D11="AIE"),"L",IF(ISBLANK(D11),"","A")),IF(D11="EE",IF(G11>=3,IF(F11>=5,"H","A"),IF(G11>=2,IF(F11>=16,"H",IF(F11<=4,"L","A")),IF(F11<=15,"L","A"))),IF(OR(D11="SE",D11="CE"),IF(G11>=4,IF(F11>=6,"H","A"),IF(G11>=2,IF(F11>=20,"H",IF(F11<=5,"L","A")),IF(F11<=19,"L","A"))),IF(OR(D11="ALI",D11="AIE"),IF(G11>=6,IF(F11>=20,"H","A"),IF(G11>=2,IF(F11>=51,"H",IF(F11<=19,"L","A")),IF(F11<=50,"L","A"))))))) | K11: =IF(J11="L","Baixa",IF(J11="A","Média",IF(J11="","","Alta"))) | L11: =IF(ISBLANK(D11),"",IF(D11="ALI",IF(J11="L",7,IF(J11="A",10,15)),IF(D11="AIE",IF(J11="L",5,IF(J11="A",7,10)),IF(D11="SE",IF(J11="L",4,IF(J11="A",5,7)),IF(OR(D11="EE",D11="CE"),IF(J11="L",3,IF(J11="A",4,6))))))) | M11: =PRODUCT(L11,H11) -> 0 | N11: =IF(LEN(Table3[[#This Row],[Tipo]])>0, Table3[[#This Row],[PFA]]*Contagem!$Z$19, 0) -> 0 | O11: =Table3[[#This Row],[Total]]*Contagem!$V$29 -> 0 | P11: =Table3[[#This Row],[Total]]*Contagem!$V$28 -> 0 | Q11: =Table3[[#This Row],[Total]]*Contagem!$V$30 -> 0 | S11: =IF(AND(D11="SE",E11="E"),M11,0) -> 0 | T11: =IF(AND(D11="CE",E11="E"),M11,0) -> 0 | U11: =IF(AND(D11="EE",E11="E"),M11,0) -> 0 | V11: =IF(AND(D11="AIE",E11="E"),M11,0) -> 0 | W11: =IF(AND(D11="ALI",E11="E"),M11,0) -> 0 | X11: =IF(AND(D11="SE",E11="A"),M11,0) -> 0 | Y11: =IF(AND(D11="CE",E11="A"),M11,0) -> 0 | Z11: =IF(AND(D11="EE",E11="A"),M11,0) -> 0 | AA11: =IF(AND(D11="AIE",E11="A"),M11,0) -> 0 | AB11: =IF(AND(D11="ALI",E11="A"),M11,0) -> 0 | AC11: =IF(AND(D11="SE",E11="I"),M11,0) -> 0 | AD11: =IF(AND(D11="CE",E11="I"),M11,0) -> 0 | AE11: =IF(AND(D11="EE",E11="I"),M11,0) -> 0 | AF11: =IF(AND(D11="AIE",E11="I"),M11,0) -> 0 | AG11: =IF(AND(D11="ALI",E11="I"),M11,0) -> 0
H12: =IF(E12=0,0,IF(E12="I",Contagem!$V$12,IF(E12="A",Contagem!$V$13,Contagem!$V$14))) -> 0 | I12: =CONCATENATE(D12,J12) | J12: =IF(OR(ISBLANK(F12),ISBLANK(G12)),IF(OR(D12="ALI",D12="AIE"),"L",IF(ISBLANK(D12),"","A")),IF(D12="EE",IF(G12>=3,IF(F12>=5,"H","A"),IF(G12>=2,IF(F12>=16,"H",IF(F12<=4,"L","A")),IF(F12<=15,"L","A"))),IF(OR(D12="SE",D12="CE"),IF(G12>=4,IF(F12>=6,"H","A"),IF(G12>=2,IF(F12>=20,"H",IF(F12<=5,"L","A")),IF(F12<=19,"L","A"))),IF(OR(D12="ALI",D12="AIE"),IF(G12>=6,IF(F12>=20,"H","A"),IF(G12>=2,IF(F12>=51,"H",IF(F12<=19,"L","A")),IF(F12<=50,"L","A"))))))) | K12: =IF(J12="L","Baixa",IF(J12="A","Média",IF(J12="","","Alta"))) | L12: =IF(ISBLANK(D12),"",IF(D12="ALI",IF(J12="L",7,IF(J12="A",10,15)),IF(D12="AIE",IF(J12="L",5,IF(J12="A",7,10)),IF(D12="SE",IF(J12="L",4,IF(J12="A",5,7)),IF(OR(D12="EE",D12="CE"),IF(J12="L",3,IF(J12="A",4,6))))))) | M12: =PRODUCT(L12,H12) -> 0 | N12: =IF(LEN(Table3[[#This Row],[Tipo]])>0, Table3[[#This Row],[PFA]]*Contagem!$Z$19, 0) -> 0 | O12: =Table3[[#This Row],[Total]]*Contagem!$V$29 -> 0 | P12: =Table3[[#This Row],[Total]]*Contagem!$V$28 -> 0 | Q12: =Table3[[#This Row],[Total]]*Contagem!$V$30 -> 0 | S12: =IF(AND(D12="SE",E12="E"),M12,0) -> 0 | T12: =IF(AND(D12="CE",E12="E"),M12,0) -> 0 | U12: =IF(AND(D12="EE",E12="E"),M12,0) -> 0 | V12: =IF(AND(D12="AIE",E12="E"),M12,0) -> 0 | W12: =IF(AND(D12="ALI",E12="E"),M12,0) -> 0 | X12: =IF(AND(D12="SE",E12="A"),M12,0) -> 0 | Y12: =IF(AND(D12="CE",E12="A"),M12,0) -> 0 | Z12: =IF(AND(D12="EE",E12="A"),M12,0) -> 0 | AA12: =IF(AND(D12="AIE",E12="A"),M12,0) -> 0 | AB12: =IF(AND(D12="ALI",E12="A"),M12,0) -> 0 | AC12: =IF(AND(D12="SE",E12="I"),M12,0) -> 0 | AD12: =IF(AND(D12="CE",E12="I"),M12,0) -> 0 | AE12: =IF(AND(D12="EE",E12="I"),M12,0) -> 0 | AF12: =IF(AND(D12="AIE",E12="I"),M12,0) -> 0 | AG12: =IF(AND(D12="ALI",E12="I"),M12,0) -> 0
H13: =IF(E13=0,0,IF(E13="I",Contagem!$V$12,IF(E13="A",Contagem!$V$13,Contagem!$V$14))) -> 0 | I13: =CONCATENATE(D13,J13) | J13: =IF(OR(ISBLANK(F13),ISBLANK(G13)),IF(OR(D13="ALI",D13="AIE"),"L",IF(ISBLANK(D13),"","A")),IF(D13="EE",IF(G13>=3,IF(F13>=5,"H","A"),IF(G13>=2,IF(F13>=16,"H",IF(F13<=4,"L","A")),IF(F13<=15,"L","A"))),IF(OR(D13="SE",D13="CE"),IF(G13>=4,IF(F13>=6,"H","A"),IF(G13>=2,IF(F13>=20,"H",IF(F13<=5,"L","A")),IF(F13<=19,"L","A"))),IF(OR(D13="ALI",D13="AIE"),IF(G13>=6,IF(F13>=20,"H","A"),IF(G13>=2,IF(F13>=51,"H",IF(F13<=19,"L","A")),IF(F13<=50,"L","A"))))))) | K13: =IF(J13="L","Baixa",IF(J13="A","Média",IF(J13="","","Alta"))) | L13: =IF(ISBLANK(D13),"",IF(D13="ALI",IF(J13="L",7,IF(J13="A",10,15)),IF(D13="AIE",IF(J13="L",5,IF(J13="A",7,10)),IF(D13="SE",IF(J13="L",4,IF(J13="A",5,7)),IF(OR(D13="EE",D13="CE"),IF(J13="L",3,IF(J13="A",4,6))))))) | M13: =PRODUCT(L13,H13) -> 0 | N13: =IF(LEN(Table3[[#This Row],[Tipo]])>0, Table3[[#This Row],[PFA]]*Contagem!$Z$19, 0) -> 0 | O13: =Table3[[#This Row],[Total]]*Contagem!$V$29 -> 0 | P13: =Table3[[#This Row],[Total]]*Contagem!$V$28 -> 0 | Q13: =Table3[[#This Row],[Total]]*Contagem!$V$30 -> 0 | S13: =IF(AND(D13="SE",E13="E"),M13,0) -> 0 | T13: =IF(AND(D13="CE",E13="E"),M13,0) -> 0 | U13: =IF(AND(D13="EE",E13="E"),M13,0) -> 0 | V13: =IF(AND(D13="AIE",E13="E"),M13,0) -> 0 | W13: =IF(AND(D13="ALI",E13="E"),M13,0) -> 0 | X13: =IF(AND(D13="SE",E13="A"),M13,0) -> 0 | Y13: =IF(AND(D13="CE",E13="A"),M13,0) -> 0 | Z13: =IF(AND(D13="EE",E13="A"),M13,0) -> 0 | AA13: =IF(AND(D13="AIE",E13="A"),M13,0) -> 0 | AB13: =IF(AND(D13="ALI",E13="A"),M13,0) -> 0 | AC13: =IF(AND(D13="SE",E13="I"),M13,0) -> 0 | AD13: =IF(AND(D13="CE",E13="I"),M13,0) -> 0 | AE13: =IF(AND(D13="EE",E13="I"),M13,0) -> 0 | AF13: =IF(AND(D13="AIE",E13="I"),M13,0) -> 0 | AG13: =IF(AND(D13="ALI",E13="I"),M13,0) -> 0
H14: =IF(E14=0,0,IF(E14="I",Contagem!$V$12,IF(E14="A",Contagem!$V$13,Contagem!$V$14))) -> 0 | I14: =CONCATENATE(D14,J14) | J14: =IF(OR(ISBLANK(F14),ISBLANK(G14)),IF(OR(D14="ALI",D14="AIE"),"L",IF(ISBLANK(D14),"","A")),IF(D14="EE",IF(G14>=3,IF(F14>=5,"H","A"),IF(G14>=2,IF(F14>=16,"H",IF(F14<=4,"L","A")),IF(F14<=15,"L","A"))),IF(OR(D14="SE",D14="CE"),IF(G14>=4,IF(F14>=6,"H","A"),IF(G14>=2,IF(F14>=20,"H",IF(F14<=5,"L","A")),IF(F14<=19,"L","A"))),IF(OR(D14="ALI",D14="AIE"),IF(G14>=6,IF(F14>=20,"H","A"),IF(G14>=2,IF(F14>=51,"H",IF(F14<=19,"L","A")),IF(F14<=50,"L","A"))))))) | K14: =IF(J14="L","Baixa",IF(J14="A","Média",IF(J14="","","Alta"))) | L14: =IF(ISBLANK(D14),"",IF(D14="ALI",IF(J14="L",7,IF(J14="A",10,15)),IF(D14="AIE",IF(J14="L",5,IF(J14="A",7,10)),IF(D14="SE",IF(J14="L",4,IF(J14="A",5,7)),IF(OR(D14="EE",D14="CE"),IF(J14="L",3,IF(J14="A",4,6))))))) | M14: =PRODUCT(L14,H14) -> 0 | N14: =IF(LEN(Table3[[#This Row],[Tipo]])>0, Table3[[#This Row],[PFA]]*Contagem!$Z$19, 0) -> 0 | O14: =Table3[[#This Row],[Total]]*Contagem!$V$29 -> 0 | P14: =Table3[[#This Row],[Total]]*Contagem!$V$28 -> 0 | Q14: =Table3[[#This Row],[Total]]*Contagem!$V$30 -> 0 | S14: =IF(AND(D14="SE",E14="E"),M14,0) -> 0 | T14: =IF(AND(D14="CE",E14="E"),M14,0) -> 0 | U14: =IF(AND(D14="EE",E14="E"),M14,0) -> 0 | V14: =IF(AND(D14="AIE",E14="E"),M14,0) -> 0 | W14: =IF(AND(D14="ALI",E14="E"),M14,0) -> 0 | X14: =IF(AND(D14="SE",E14="A"),M14,0) -> 0 | Y14: =IF(AND(D14="CE",E14="A"),M14,0) -> 0 | Z14: =IF(AND(D14="EE",E14="A"),M14,0) -> 0 | AA14: =IF(AND(D14="AIE",E14="A"),M14,0) -> 0 | AB14: =IF(AND(D14="ALI",E14="A"),M14,0) -> 0 | AC14: =IF(AND(D14="SE",E14="I"),M14,0) -> 0 | AD14: =IF(AND(D14="CE",E14="I"),M14,0) -> 0 | AE14: =IF(AND(D14="EE",E14="I"),M14,0) -> 0 | AF14: =IF(AND(D14="AIE",E14="I"),M14,0) -> 0 | AG14: =IF(AND(D14="ALI",E14="I"),M14,0) -> 0
H15: =IF(E15=0,0,IF(E15="I",Contagem!$V$12,IF(E15="A",Contagem!$V$13,Contagem!$V$14))) -> 0 | I15: =CONCATENATE(D15,J15) | J15: =IF(OR(ISBLANK(F15),ISBLANK(G15)),IF(OR(D15="ALI",D15="AIE"),"L",IF(ISBLANK(D15),"","A")),IF(D15="EE",IF(G15>=3,IF(F15>=5,"H","A"),IF(G15>=2,IF(F15>=16,"H",IF(F15<=4,"L","A")),IF(F15<=15,"L","A"))),IF(OR(D15="SE",D15="CE"),IF(G15>=4,IF(F15>=6,"H","A"),IF(G15>=2,IF(F15>=20,"H",IF(F15<=5,"L","A")),IF(F15<=19,"L","A"))),IF(OR(D15="ALI",D15="AIE"),IF(G15>=6,IF(F15>=20,"H","A"),IF(G15>=2,IF(F15>=51,"H",IF(F15<=19,"L","A")),IF(F15<=50,"L","A"))))))) | K15: =IF(J15="L","Baixa",IF(J15="A","Média",IF(J15="","","Alta"))) | L15: =IF(ISBLANK(D15),"",IF(D15="ALI",IF(J15="L",7,IF(J15="A",10,15)),IF(D15="AIE",IF(J15="L",5,IF(J15="A",7,10)),IF(D15="SE",IF(J15="L",4,IF(J15="A",5,7)),IF(OR(D15="EE",D15="CE"),IF(J15="L",3,IF(J15="A",4,6))))))) | M15: =PRODUCT(L15,H15) -> 0 | N15: =IF(LEN(Table3[[#This Row],[Tipo]])>0, Table3[[#This Row],[PFA]]*Contagem!$Z$19, 0) -> 0 | O15: =Table3[[#This Row],[Total]]*Contagem!$V$29 -> 0 | P15: =Table3[[#This Row],[Total]]*Contagem!$V$28 -> 0 | Q15: =Table3[[#This Row],[Total]]*Contagem!$V$30 -> 0 | S15: =IF(AND(D15="SE",E15="E"),M15,0) -> 0 | T15: =IF(AND(D15="CE",E15="E"),M15,0) -> 0 | U15: =IF(AND(D15="EE",E15="E"),M15,0) -> 0 | V15: =IF(AND(D15="AIE",E15="E"),M15,0) -> 0 | W15: =IF(AND(D15="ALI",E15="E"),M15,0) -> 0 | X15: =IF(AND(D15="SE",E15="A"),M15,0) -> 0 | Y15: =IF(AND(D15="CE",E15="A"),M15,0) -> 0 | Z15: =IF(AND(D15="EE",E15="A"),M15,0) -> 0 | AA15: =IF(AND(D15="AIE",E15="A"),M15,0) -> 0 | AB15: =IF(AND(D15="ALI",E15="A"),M15,0) -> 0 | AC15: =IF(AND(D15="SE",E15="I"),M15,0) -> 0 | AD15: =IF(AND(D15="CE",E15="I"),M15,0) -> 0 | AE15: =IF(AND(D15="EE",E15="I"),M15,0) -> 0 | AF15: =IF(AND(D15="AIE",E15="I"),M15,0) -> 0 | AG15: =IF(AND(D15="ALI",E15="I"),M15,0) -> 0
H16: =IF(E16=0,0,IF(E16="I",Contagem!$V$12,IF(E16="A",Contagem!$V$13,Contagem!$V$14))) -> 0 | I16: =CONCATENATE(D16,J16) | J16: =IF(OR(ISBLANK(F16),ISBLANK(G16)),IF(OR(D16="ALI",D16="AIE"),"L",IF(ISBLANK(D16),"","A")),IF(D16="EE",IF(G16>=3,IF(F16>=5,"H","A"),IF(G16>=2,IF(F16>=16,"H",IF(F16<=4,"L","A")),IF(F16<=15,"L","A"))),IF(OR(D16="SE",D16="CE"),IF(G16>=4,IF(F16>=6,"H","A"),IF(G16>=2,IF(F16>=20,"H",IF(F16<=5,"L","A")),IF(F16<=19,"L","A"))),IF(OR(D16="ALI",D16="AIE"),IF(G16>=6,IF(F16>=20,"H","A"),IF(G16>=2,IF(F16>=51,"H",IF(F16<=19,"L","A")),IF(F16<=50,"L","A"))))))) | K16: =IF(J16="L","Baixa",IF(J16="A","Média",IF(J16="","","Alta"))) | L16: =IF(ISBLANK(D16),"",IF(D16="ALI",IF(J16="L",7,IF(J16="A",10,15)),IF(D16="AIE",IF(J16="L",5,IF(J16="A",7,10)),IF(D16="SE",IF(J16="L",4,IF(J16="A",5,7)),IF(OR(D16="EE",D16="CE"),IF(J16="L",3,IF(J16="A",4,6))))))) | M16: =PRODUCT(L16,H16) -> 0 | N16: =IF(LEN(Table3[[#This Row],[Tipo]])>0, Table3[[#This Row],[PFA]]*Contagem!$Z$19, 0) -> 0 | O16: =Table3[[#This Row],[Total]]*Contagem!$V$29 -> 0 | P16: =Table3[[#This Row],[Total]]*Contagem!$V$28 -> 0 | Q16: =Table3[[#This Row],[Total]]*Contagem!$V$30 -> 0 | S16: =IF(AND(D16="SE",E16="E"),M16,0) -> 0 | T16: =IF(AND(D16="CE",E16="E"),M16,0) -> 0 | U16: =IF(AND(D16="EE",E16="E"),M16,0) -> 0 | V16: =IF(AND(D16="AIE",E16="E"),M16,0) -> 0 | W16: =IF(AND(D16="ALI",E16="E"),M16,0) -> 0 | X16: =IF(AND(D16="SE",E16="A"),M16,0) -> 0 | Y16: =IF(AND(D16="CE",E16="A"),M16,0) -> 0 | Z16: =IF(AND(D16="EE",E16="A"),M16,0) -> 0 | AA16: =IF(AND(D16="AIE",E16="A"),M16,0) -> 0 | AB16: =IF(AND(D16="ALI",E16="A"),M16,0) -> 0 | AC16: =IF(AND(D16="SE",E16="I"),M16,0) -> 0 | AD16: =IF(AND(D16="CE",E16="I"),M16,0) -> 0 | AE16: =IF(AND(D16="EE",E16="I"),M16,0) -> 0 | AF16: =IF(AND(D16="AIE",E16="I"),M16,0) -> 0 | AG16: =IF(AND(D16="ALI",E16="I"),M16,0) -> 0
H17: =IF(E17=0,0,IF(E17="I",Contagem!$V$12,IF(E17="A",Contagem!$V$13,Contagem!$V$14))) -> 0 | I17: =CONCATENATE(D17,J17) | J17: =IF(OR(ISBLANK(F17),ISBLANK(G17)),IF(OR(D17="ALI",D17="AIE"),"L",IF(ISBLANK(D17),"","A")),IF(D17="EE",IF(G17>=3,IF(F17>=5,"H","A"),IF(G17>=2,IF(F17>=16,"H",IF(F17<=4,"L","A")),IF(F17<=15,"L","A"))),IF(OR(D17="SE",D17="CE"),IF(G17>=4,IF(F17>=6,"H","A"),IF(G17>=2,IF(F17>=20,"H",IF(F17<=5,"L","A")),IF(F17<=19,"L","A"))),IF(OR(D17="ALI",D17="AIE"),IF(G17>=6,IF(F17>=20,"H","A"),IF(G17>=2,IF(F17>=51,"H",IF(F17<=19,"L","A")),IF(F17<=50,"L","A"))))))) | K17: =IF(J17="L","Baixa",IF(J17="A","Média",IF(J17="","","Alta"))) | L17: =IF(ISBLANK(D17),"",IF(D17="ALI",IF(J17="L",7,IF(J17="A",10,15)),IF(D17="AIE",IF(J17="L",5,IF(J17="A",7,10)),IF(D17="SE",IF(J17="L",4,IF(J17="A",5,7)),IF(OR(D17="EE",D17="CE"),IF(J17="L",3,IF(J17="A",4,6))))))) | M17: =PRODUCT(L17,H17) -> 0 | N17: =IF(LEN(Table3[[#This Row],[Tipo]])>0, Table3[[#This Row],[PFA]]*Contagem!$Z$19, 0) -> 0 | O17: =Table3[[#This Row],[Total]]*Contagem!$V$29 -> 0 | P17: =Table3[[#This Row],[Total]]*Contagem!$V$28 -> 0 | Q17: =Table3[[#This Row],[Total]]*Contagem!$V$30 -> 0 | S17: =IF(AND(D17="SE",E17="E"),M17,0) -> 0 | T17: =IF(AND(D17="CE",E17="E"),M17,0) -> 0 | U17: =IF(AND(D17="EE",E17="E"),M17,0) -> 0 | V17: =IF(AND(D17="AIE",E17="E"),M17,0) -> 0 | W17: =IF(AND(D17="ALI",E17="E"),M17,0) -> 0 | X17: =IF(AND(D17="SE",E17="A"),M17,0) -> 0 | Y17: =IF(AND(D17="CE",E17="A"),M17,0) -> 0 | Z17: =IF(AND(D17="EE",E17="A"),M17,0) -> 0 | AA17: =IF(AND(D17="AIE",E17="A"),M17,0) -> 0 | AB17: =IF(AND(D17="ALI",E17="A"),M17,0) -> 0 | AC17: =IF(AND(D17="SE",E17="I"),M17,0) -> 0 | AD17: =IF(AND(D17="CE",E17="I"),M17,0) -> 0 | AE17: =IF(AND(D17="EE",E17="I"),M17,0) -> 0 | AF17: =IF(AND(D17="AIE",E17="I"),M17,0) -> 0 | AG17: =IF(AND(D17="ALI",E17="I"),M17,0) -> 0
H18: =IF(E18=0,0,IF(E18="I",Contagem!$V$12,IF(E18="A",Contagem!$V$13,Contagem!$V$14))) -> 0 | I18: =CONCATENATE(D18,J18) | J18: =IF(OR(ISBLANK(F18),ISBLANK(G18)),IF(OR(D18="ALI",D18="AIE"),"L",IF(ISBLANK(D18),"","A")),IF(D18="EE",IF(G18>=3,IF(F18>=5,"H","A"),IF(G18>=2,IF(F18>=16,"H",IF(F18<=4,"L","A")),IF(F18<=15,"L","A"))),IF(OR(D18="SE",D18="CE"),IF(G18>=4,IF(F18>=6,"H","A"),IF(G18>=2,IF(F18>=20,"H",IF(F18<=5,"L","A")),IF(F18<=19,"L","A"))),IF(OR(D18="ALI",D18="AIE"),IF(G18>=6,IF(F18>=20,"H","A"),IF(G18>=2,IF(F18>=51,"H",IF(F18<=19,"L","A")),IF(F18<=50,"L","A"))))))) | K18: =IF(J18="L","Baixa",IF(J18="A","Média",IF(J18="","","Alta"))) | L18: =IF(ISBLANK(D18),"",IF(D18="ALI",IF(J18="L",7,IF(J18="A",10,15)),IF(D18="AIE",IF(J18="L",5,IF(J18="A",7,10)),IF(D18="SE",IF(J18="L",4,IF(J18="A",5,7)),IF(OR(D18="EE",D18="CE"),IF(J18="L",3,IF(J18="A",4,6))))))) | M18: =PRODUCT(L18,H18) -> 0 | N18: =IF(LEN(Table3[[#This Row],[Tipo]])>0, Table3[[#This Row],[PFA]]*Contagem!$Z$19, 0) -> 0 | O18: =Table3[[#This Row],[Total]]*Contagem!$V$29 -> 0 | P18: =Table3[[#This Row],[Total]]*Contagem!$V$28 -> 0 | Q18: =Table3[[#This Row],[Total]]*Contagem!$V$30 -> 0 | S18: =IF(AND(D18="SE",E18="E"),M18,0) -> 0 | T18: =IF(AND(D18="CE",E18="E"),M18,0) -> 0 | U18: =IF(AND(D18="EE",E18="E"),M18,0) -> 0 | V18: =IF(AND(D18="AIE",E18="E"),M18,0) -> 0 | W18: =IF(AND(D18="ALI",E18="E"),M18,0) -> 0 | X18: =IF(AND(D18="SE",E18="A"),M18,0) -> 0 | Y18: =IF(AND(D18="CE",E18="A"),M18,0) -> 0 | Z18: =IF(AND(D18="EE",E18="A"),M18,0) -> 0 | AA18: =IF(AND(D18="AIE",E18="A"),M18,0) -> 0 | AB18: =IF(AND(D18="ALI",E18="A"),M18,0) -> 0 | AC18: =IF(AND(D18="SE",E18="I"),M18,0) -> 0 | AD18: =IF(AND(D18="CE",E18="I"),M18,0) -> 0 | AE18: =IF(AND(D18="EE",E18="I"),M18,0) -> 0 | AF18: =IF(AND(D18="AIE",E18="I"),M18,0) -> 0 | AG18: =IF(AND(D18="ALI",E18="I"),M18,0) -> 0
H19: =IF(E19=0,0,IF(E19="I",Contagem!$V$12,IF(E19="A",Contagem!$V$13,Contagem!$V$14))) -> 0 | I19: =CONCATENATE(D19,J19) | J19: =IF(OR(ISBLANK(F19),ISBLANK(G19)),IF(OR(D19="ALI",D19="AIE"),"L",IF(ISBLANK(D19),"","A")),IF(D19="EE",IF(G19>=3,IF(F19>=5,"H","A"),IF(G19>=2,IF(F19>=16,"H",IF(F19<=4,"L","A")),IF(F19<=15,"L","A"))),IF(OR(D19="SE",D19="CE"),IF(G19>=4,IF(F19>=6,"H","A"),IF(G19>=2,IF(F19>=20,"H",IF(F19<=5,"L","A")),IF(F19<=19,"L","A"))),IF(OR(D19="ALI",D19="AIE"),IF(G19>=6,IF(F19>=20,"H","A"),IF(G19>=2,IF(F19>=51,"H",IF(F19<=19,"L","A")),IF(F19<=50,"L","A"))))))) | K19: =IF(J19="L","Baixa",IF(J19="A","Média",IF(J19="","","Alta"))) | L19: =IF(ISBLANK(D19),"",IF(D19="ALI",IF(J19="L",7,IF(J19="A",10,15)),IF(D19="AIE",IF(J19="L",5,IF(J19="A",7,10)),IF(D19="SE",IF(J19="L",4,IF(J19="A",5,7)),IF(OR(D19="EE",D19="CE"),IF(J19="L",3,IF(J19="A",4,6))))))) | M19: =PRODUCT(L19,H19) -> 0 | N19: =IF(LEN(Table3[[#This Row],[Tipo]])>0, Table3[[#This Row],[PFA]]*Contagem!$Z$19, 0) -> 0 | O19: =Table3[[#This Row],[Total]]*Contagem!$V$29 -> 0 | P19: =Table3[[#This Row],[Total]]*Contagem!$V$28 -> 0 | Q19: =Table3[[#This Row],[Total]]*Contagem!$V$30 -> 0 | S19: =IF(AND(D19="SE",E19="E"),M19,0) -> 0 | T19: =IF(AND(D19="CE",E19="E"),M19,0) -> 0 | U19: =IF(AND(D19="EE",E19="E"),M19,0) -> 0 | V19: =IF(AND(D19="AIE",E19="E"),M19,0) -> 0 | W19: =IF(AND(D19="ALI",E19="E"),M19,0) -> 0 | X19: =IF(AND(D19="SE",E19="A"),M19,0) -> 0 | Y19: =IF(AND(D19="CE",E19="A"),M19,0) -> 0 | Z19: =IF(AND(D19="EE",E19="A"),M19,0) -> 0 | AA19: =IF(AND(D19="AIE",E19="A"),M19,0) -> 0 | AB19: =IF(AND(D19="ALI",E19="A"),M19,0) -> 0 | AC19: =IF(AND(D19="SE",E19="I"),M19,0) -> 0 | AD19: =IF(AND(D19="CE",E19="I"),M19,0) -> 0 | AE19: =IF(AND(D19="EE",E19="I"),M19,0) -> 0 | AF19: =IF(AND(D19="AIE",E19="I"),M19,0) -> 0 | AG19: =IF(AND(D19="ALI",E19="I"),M19,0) -> 0
H20: =IF(E20=0,0,IF(E20="I",Contagem!$V$12,IF(E20="A",Contagem!$V$13,Contagem!$V$14))) -> 0 | I20: =CONCATENATE(D20,J20) | J20: =IF(OR(ISBLANK(F20),ISBLANK(G20)),IF(OR(D20="ALI",D20="AIE"),"L",IF(ISBLANK(D20),"","A")),IF(D20="EE",IF(G20>=3,IF(F20>=5,"H","A"),IF(G20>=2,IF(F20>=16,"H",IF(F20<=4,"L","A")),IF(F20<=15,"L","A"))),IF(OR(D20="SE",D20="CE"),IF(G20>=4,IF(F20>=6,"H","A"),IF(G20>=2,IF(F20>=20,"H",IF(F20<=5,"L","A")),IF(F20<=19,"L","A"))),IF(OR(D20="ALI",D20="AIE"),IF(G20>=6,IF(F20>=20,"H","A"),IF(G20>=2,IF(F20>=51,"H",IF(F20<=19,"L","A")),IF(F20<=50,"L","A"))))))) | K20: =IF(J20="L","Baixa",IF(J20="A","Média",IF(J20="","","Alta"))) | L20: =IF(ISBLANK(D20),"",IF(D20="ALI",IF(J20="L",7,IF(J20="A",10,15)),IF(D20="AIE",IF(J20="L",5,IF(J20="A",7,10)),IF(D20="SE",IF(J20="L",4,IF(J20="A",5,7)),IF(OR(D20="EE",D20="CE"),IF(J20="L",3,IF(J20="A",4,6))))))) | M20: =PRODUCT(L20,H20) -> 0 | N20: =IF(LEN(Table3[[#This Row],[Tipo]])>0, Table3[[#This Row],[PFA]]*Contagem!$Z$19, 0) -> 0 | O20: =Table3[[#This Row],[Total]]*Contagem!$V$29 -> 0 | P20: =Table3[[#This Row],[Total]]*Contagem!$V$28 -> 0 | Q20: =Table3[[#This Row],[Total]]*Contagem!$V$30 -> 0 | S20: =IF(AND(D20="SE",E20="E"),M20,0) -> 0 | T20: =IF(AND(D20="CE",E20="E"),M20,0) -> 0 | U20: =IF(AND(D20="EE",E20="E"),M20,0) -> 0 | V20: =IF(AND(D20="AIE",E20="E"),M20,0) -> 0 | W20: =IF(AND(D20="ALI",E20="E"),M20,0) -> 0 | X20: =IF(AND(D20="SE",E20="A"),M20,0) -> 0 | Y20: =IF(AND(D20="CE",E20="A"),M20,0) -> 0 | Z20: =IF(AND(D20="EE",E20="A"),M20,0) -> 0 | AA20: =IF(AND(D20="AIE",E20="A"),M20,0) -> 0 | AB20: =IF(AND(D20="ALI",E20="A"),M20,0) -> 0 | AC20: =IF(AND(D20="SE",E20="I"),M20,0) -> 0 | AD20: =IF(AND(D20="CE",E20="I"),M20,0) -> 0 | AE20: =IF(AND(D20="EE",E20="I"),M20,0) -> 0 | AF20: =IF(AND(D20="AIE",E20="I"),M20,0) -> 0 | AG20: =IF(AND(D20="ALI",E20="I"),M20,0) -> 0
B21: Total | L21: =SUBTOTAL(109,Table3[PF]) -> 0 | M21: =SUBTOTAL(109,Table3[PFA]) -> 0 | N21: =SUBTOTAL(109,Table3[Total]) -> 0 | O21: =SUBTOTAL(109,Table3[Desenv.]) -> 0 | P21: =SUBTOTAL(109,Table3[An. Teste]) -> 0 | Q21: =SUBTOTAL(109,Table3[Teste]) -> 0

Sheet VSTS_ValidationWS_1
A1: value doesn't matter | B1: value doesn't matter | C1: value doesn't matter | D1: value doesn't matter | E1: value doesn't matter | F1: value doesn't matter
A2: readOnlyTestRange_@ | B2: readOnlyTestRange_0 | C2: readOnlyTestRange_dd-MMM-yy HH:mm | D2: readOnlyTestRange_General | E2: readOnlyTestRange_dd/MM/yyyy HH:mm | F2: readOnlyTestRange_M/d/yyyy h:mm AM/PM

Sheet TFS
